"trial","ref_position","var_area","response","correct","rt"
1,"R",8.6652608809527,"R",TRUE,3.875
2,"L",13.1728685754351,"L",FALSE,1.37900018692017
3,"R",8.02047158335336,"R",TRUE,1.99200010299683
4,"L",14.9011550701689,"L",FALSE,1.57500004768372
5,"L",9.14763057720847,"R",TRUE,1.78900003433228
6,"L",11.3243320162874,"R",TRUE,1.7759997844696
7,"L",14.8836948967073,"L",FALSE,1.58299994468689
8,"L",12.2296120580286,"R",TRUE,1.48099994659424
9,"L",8.69561446970329,"L",TRUE,1.4779999256134
10,"R",10.7616484984756,"R",FALSE,2.19800019264221
11,"R",8.79019348393194,"L",FALSE,1.39199995994568
12,"R",8.81173056340776,"R",TRUE,1.37700009346008
13,"R",11.4475314011797,"L",TRUE,1.3840000629425
14,"L",9.52866469370201,"R",TRUE,1.68599987030029
15,"L",8.33961005345918,"L",TRUE,1.69700002670288
16,"L",10.4879013956524,"R",TRUE,1.87199997901917
17,"R",9.5347553268075,"L",TRUE,1.78699970245361
18,"L",13.5184691506438,"R",TRUE,1.37800025939941
19,"R",10.466059154598,"L",TRUE,1.48200011253357
20,"L",10.3270381302573,"R",TRUE,1.68700003623962